{"accuracy": [0.6109965443611145, 0.8684543967247009, 0.9193257093429565, 0.94234299659729, 0.9572942852973938, 0.966967761516571, 0.972003698348999, 0.975261390209198, 0.9792872667312622, 0.9829148650169373], "loss": [1.3143047094345093, 0.41556233167648315, 0.2514679431915283, 0.1765928864479065, 0.13096770644187927, 0.10156790167093277, 0.0861424058675766, 0.0735626369714737, 0.062470193952322006, 0.053940750658512115], "val_accuracy": [0.8165832161903381, 0.8979057669639587, 0.9160596132278442, 0.9429205656051636, 0.9504894018173218, 0.9504324793815613, 0.9550421237945557, 0.9532210230827332, 0.9665945768356323, 0.9630093574523926], "val_loss": [0.5708525776863098, 0.31316691637039185, 0.2592806816101074, 0.17937186360359192, 0.1620839536190033, 0.16659007966518402, 0.15598376095294952, 0.1606266349554062, 0.1192469671368599, 0.13350003957748413]}